                  epoch,         train/box_loss,         train/seg_loss,         train/cls_loss,         train/dfl_loss,   metrics/precision(B),      metrics/recall(B),       metrics/mAP50(B),    metrics/mAP50-95(B),   metrics/precision(M),      metrics/recall(M),       metrics/mAP50(M),    metrics/mAP50-95(M),           val/box_loss,           val/seg_loss,           val/cls_loss,           val/dfl_loss,                 lr/pg0,                 lr/pg1,                 lr/pg2
                      1,                 1.2172,                 3.5543,                 1.7373,                 1.4235,                0.06504,                      1,                0.07294,                0.06214,                0.01416,                0.41667,                 0.0096,                0.00185,                 1.0803,                 5.0633,                 432.49,                  2.452,                0.00034,                0.00034,                0.00034
                      2,                 1.3336,                 2.9273,                 1.4391,                 1.5201,                0.01425,                0.95833,                0.02238,                 0.0105,                      0,                      0,                      0,                      0,                 2.5561,                 657.41,                 1767.8,                 12.082,             0.00069653,             0.00069653,             0.00069653
                      3,                 1.4875,                  3.075,                 1.4754,                 1.5776,                0.00191,                    0.5,                0.00169,                0.00051,                      0,                      0,                      0,                      0,                 3.1739,                 816.45,                 6486.7,                 48.294,              0.0010495,              0.0010495,              0.0010495
                      4,                 1.4962,                 3.0383,                 1.3413,                 1.6324,                0.00014,                0.04167,                  9e-05,                  1e-05,                      0,                      0,                      0,                      0,                 4.7581,                 1800.2,                  23469,                  115.4,              0.0013989,              0.0013989,              0.0013989
                      5,                 1.5109,                 3.0983,                  1.448,                  1.643,                0.09091,                  0.125,                0.09497,                0.02662,                0.00136,                0.04167,                0.00018,                  4e-05,                 2.4469,                 7.2297,                 102.55,                 5.7359,              0.0017448,              0.0017448,              0.0017448
                      6,                 1.4662,                 3.0785,                 1.3748,                 1.6205,                0.00747,                0.58333,                0.00574,                0.00319,                0.00134,                  0.125,                0.00043,                  8e-05,                  2.348,                 12.946,                 1822.1,                 4.6076,              0.0019505,              0.0019505,              0.0019505
                      7,                  1.458,                 3.0094,                 1.3376,                 1.6236,                0.00622,                   0.75,                0.00592,                0.00178,                      0,                      0,                      0,                      0,                 3.7382,                 12.841,                 70.237,                 8.3073,              0.0019406,              0.0019406,              0.0019406
                      8,                 1.3871,                 3.0037,                 1.2867,                 1.5514,                0.03664,                0.20833,                0.01181,                0.00438,                0.00202,                0.04167,                0.00046,                0.00012,                 2.7735,                 7.8179,                 45.379,                 4.0421,              0.0019307,              0.0019307,              0.0019307
                      9,                  1.366,                 2.9689,                 1.2495,                 1.5511,                0.17668,                0.54167,                0.17138,                0.06282,                 0.0161,                0.04167,                0.00102,                0.00031,                 2.1624,                 4.1789,                 9.0474,                 3.0929,              0.0019208,              0.0019208,              0.0019208
                     10,                 1.3495,                 2.8735,                 1.2076,                 1.5261,                0.16025,                    0.5,                 0.2065,                0.12815,                0.07257,                0.20833,                0.04369,                0.01458,                 1.7974,                 3.4335,                 10.522,                 2.7958,              0.0019109,              0.0019109,              0.0019109
                     11,                 1.3526,                 2.8213,                 1.2081,                 1.4965,                0.37663,                0.45833,                 0.4245,                0.26274,                0.03025,                0.04167,                0.00458,                 0.0006,                 1.5425,                 3.7847,                  6.257,                 2.8399,               0.001901,               0.001901,               0.001901
                     12,                 1.2982,                 2.7554,                 1.1132,                 1.4939,                0.61901,                0.91667,                0.81696,                0.44733,                  0.162,                0.20833,                0.04927,                0.00998,                 1.1928,                 4.1907,                 4.4909,                 2.1904,              0.0018911,              0.0018911,              0.0018911
                     13,                 1.2676,                 2.7269,                 1.0506,                 1.4745,                0.35272,                0.70833,                0.37615,                0.25732,                0.04107,                0.08333,                0.00469,                0.00102,                  1.241,                 4.0149,                 2.7426,                 2.4245,              0.0018812,              0.0018812,              0.0018812
                     14,                 1.2573,                 2.6678,                 1.0576,                 1.4559,                0.51278,                  0.625,                0.63676,                0.40691,                0.22794,                0.33333,                 0.1721,                0.03634,                 1.2776,                 3.6236,                 3.4999,                 1.9583,              0.0018713,              0.0018713,              0.0018713
                     15,                  1.301,                 2.7081,                 1.1254,                 1.4503,                0.85843,                0.95833,                0.95332,                0.60625,                0.51942,                0.58333,                0.33834,                0.06299,                 1.0895,                 2.5615,                  1.725,                 1.8698,              0.0018614,              0.0018614,              0.0018614
                     16,                 1.2198,                 2.5609,                 1.0586,                 1.4251,                0.80272,                  0.875,                0.85017,                0.64011,                0.29939,                0.33333,                0.18627,                0.03654,                0.92336,                 3.5762,                 1.8322,                 1.7081,              0.0018515,              0.0018515,              0.0018515
                     17,                 1.2493,                 2.6391,                 1.0432,                 1.4149,                0.91803,                0.93372,                0.97577,                0.71788,                0.53164,                    0.5,                0.35235,                  0.095,                0.97202,                 2.2177,                 1.0556,                 1.7188,              0.0018416,              0.0018416,              0.0018416
                     18,                 1.1784,                  2.554,                0.97936,                 1.3825,                0.91217,                0.86575,                0.92779,                0.60326,                0.40599,                0.41667,                0.30073,                0.07367,                 1.1321,                  2.497,                  1.308,                 1.9201,              0.0018317,              0.0018317,              0.0018317
                     19,                 1.1893,                 2.5427,                0.97247,                 1.4085,                0.72391,                0.91667,                0.91472,                0.66001,                 0.5502,                0.41667,                0.31484,                0.06627,                 1.0322,                 2.2577,                 1.4653,                 1.8332,              0.0018218,              0.0018218,              0.0018218
                     20,                 1.1876,                  2.572,                 1.0243,                 1.3791,                0.95588,                0.90305,                0.96888,                0.65916,                0.40481,                  0.375,                0.19597,                0.06721,                0.94518,                 2.2924,                 1.8232,                 1.8071,              0.0018119,              0.0018119,              0.0018119
                     21,                  1.189,                 2.4967,                   1.01,                 1.3924,                0.64481,                   0.75,                0.82756,                0.54975,                0.53098,                0.33333,                0.26866,                0.07718,                 1.1925,                  2.769,                 1.4011,                 2.0383,               0.001802,               0.001802,               0.001802
                     22,                 1.1767,                 2.5613,                 1.0211,                 1.3892,                0.86328,                0.95833,                0.94888,                0.61973,                0.46037,                0.33333,                0.19712,                0.06138,                 1.0475,                 2.3124,                 1.3596,                  1.981,              0.0017921,              0.0017921,              0.0017921
                     23,                 1.1389,                  2.479,                0.99078,                 1.3952,                0.91211,                0.86513,                 0.9625,                0.64982,                0.43231,                  0.375,                0.23105,                0.09313,                0.98833,                 2.3989,                 1.6639,                 1.7748,              0.0017822,              0.0017822,              0.0017822
                     24,                 1.1257,                  2.391,                0.96167,                 1.3616,                0.92763,                0.79167,                0.90432,                0.65924,                0.48705,                0.41667,                0.27048,                 0.0854,                0.97725,                 2.2687,                 1.2415,                 1.7659,              0.0017723,              0.0017723,              0.0017723
                     25,                 1.1443,                 2.3591,                0.97068,                 1.3695,                0.89293,                0.83333,                0.91506,                0.71501,                0.49343,                0.45833,                0.29626,                0.08262,                0.85626,                 2.3512,                0.97891,                 1.6107,              0.0017624,              0.0017624,              0.0017624
                     26,                 1.1122,                 2.4154,                0.91938,                 1.3521,                0.95187,                0.82432,                0.94714,                0.57029,                 0.5898,                    0.5,                0.42616,                0.13734,                 1.2494,                   1.98,                 0.9625,                 1.9908,              0.0017525,              0.0017525,              0.0017525
                     27,                 1.1376,                  2.483,                0.95066,                  1.381,                0.95812,                0.95339,                0.98889,                0.63058,                0.47546,                0.45833,                0.32776,                0.12509,                  1.115,                  2.428,                0.98796,                 1.9762,              0.0017426,              0.0017426,              0.0017426
                     28,                 1.1442,                 2.4285,                0.90265,                 1.3602,                0.95412,                0.91667,                0.96354,                0.58494,                0.56495,                0.45833,                0.44298,                 0.1307,                 1.1582,                 2.6849,                  1.263,                 1.9793,              0.0017327,              0.0017327,              0.0017327
                     29,                 1.0887,                 2.4033,                0.90197,                 1.3445,                0.82266,                0.91667,                0.95435,                0.60029,                0.58037,                  0.375,                0.34823,                0.11606,                 1.1085,                 2.1928,                0.91319,                 1.8563,              0.0017228,              0.0017228,              0.0017228
                     30,                 1.1352,                 2.3956,                0.90658,                 1.3572,                0.48556,                0.95833,                0.75532,                0.52463,                 0.4292,                0.41667,                0.38262,                0.11746,                0.98312,                 1.9492,                 1.4856,                 1.7321,              0.0017129,              0.0017129,              0.0017129
                     31,                 1.0697,                 2.2836,                0.86954,                 1.3013,                0.81964,                      1,                0.94272,                0.63739,                 0.3491,                0.45833,                 0.2645,                 0.0994,                0.90156,                 2.5894,                0.89564,                 1.7175,               0.001703,               0.001703,               0.001703
                     32,                 1.1495,                 2.3326,                0.95921,                  1.363,                0.85071,                0.94999,                 0.8612,                0.50183,                0.37575,                0.41667,                0.19031,                0.06298,                 1.2334,                 2.1325,                 1.1027,                 2.0507,              0.0016931,              0.0016931,              0.0016931
                     33,                 1.0774,                  2.331,                0.90887,                 1.3472,                0.91446,                0.89125,                 0.9623,                0.70603,                0.51531,                    0.5,                0.36709,                0.09257,                 0.9347,                 2.3496,                 1.1458,                 1.7931,              0.0016832,              0.0016832,              0.0016832
                     34,                 1.0931,                 2.2817,                0.86462,                   1.32,                  0.946,                  0.875,                0.96517,                0.68659,                0.69149,                0.45833,                0.45293,                0.12743,                 1.0292,                 2.3357,                0.79292,                 1.8262,              0.0016733,              0.0016733,              0.0016733
                     35,                  1.037,                 2.2218,                0.82478,                 1.2882,                0.93798,                0.91667,                0.96416,                0.65016,                0.42392,                0.41667,                0.26848,                0.08506,                 1.0545,                 3.0219,                 1.1006,                  1.807,              0.0016634,              0.0016634,              0.0016634
                     36,                 1.1117,                 2.4086,                0.88067,                 1.3285,                0.83934,                0.87088,                 0.9611,                0.71695,                0.47937,                    0.5,                0.37201,                0.12553,                0.91444,                 2.0106,                 1.0572,                 1.7547,              0.0016535,              0.0016535,              0.0016535
                     37,                 1.0448,                 2.2651,                 0.8733,                  1.292,                0.85879,                  0.875,                0.95054,                0.70709,                0.47895,                    0.5,                0.28513,                0.07728,                0.96871,                 2.1198,                 1.1013,                 1.6892,              0.0016436,              0.0016436,              0.0016436
                     38,                 1.0655,                 2.2935,                0.85735,                 1.3316,                0.98668,                0.91667,                0.98609,                0.77346,                0.54247,                    0.5,                0.41769,                0.14918,                0.83425,                 2.2796,                0.72611,                 1.6491,              0.0016337,              0.0016337,              0.0016337
                     39,                 1.0359,                 2.2005,                0.83698,                 1.2915,                0.97247,                0.83333,                0.96922,                0.73426,                0.49792,                0.41667,                0.25245,                 0.0751,                0.96065,                 2.5019,                0.78375,                 1.6733,              0.0016238,              0.0016238,              0.0016238
                     40,                 1.0016,                 2.1691,                0.82425,                   1.29,                0.83793,                0.83333,                0.93185,                0.67597,                 0.4787,                    0.5,                0.27902,                0.07804,                0.95367,                 2.1206,                0.99405,                 1.7293,              0.0016139,              0.0016139,              0.0016139
                     41,                 1.0556,                 2.2017,                0.82627,                 1.3032,                0.83129,                0.95833,                0.91382,                0.66359,                0.66124,                0.54167,                0.48761,                0.16002,                0.89999,                 2.0122,                 1.0085,                 1.6663,               0.001604,               0.001604,               0.001604
                     42,                 1.0415,                 2.3288,                0.86146,                 1.3047,                0.88214,                0.93599,                0.93815,                0.63113,                0.55347,                0.58333,                0.48533,                0.15481,                 1.0421,                 2.1891,                0.93881,                 1.7912,              0.0015941,              0.0015941,              0.0015941
                     43,                 1.0551,                  2.231,                0.82923,                 1.3331,                 0.9344,                  0.875,                0.93478,                0.63879,                 0.4487,                0.41667,                0.27034,                 0.0525,                 1.0907,                 2.7066,                 1.3336,                 1.8467,              0.0015842,              0.0015842,              0.0015842
                     44,                 1.0661,                 2.2787,                0.84788,                 1.3431,                 0.9591,                0.97755,                 0.9934,                0.75418,                0.66294,                0.57402,                0.50538,                0.16647,                0.86105,                 1.9454,                0.71558,                 1.7283,              0.0015743,              0.0015743,              0.0015743
                     45,                  1.053,                 2.1561,                0.79097,                 1.2891,                0.90675,                  0.875,                0.94612,                0.65317,                0.49209,                0.41667,                0.32162,                0.10898,                 1.0834,                 2.1467,                0.87584,                   1.84,              0.0015644,              0.0015644,              0.0015644
                     46,                 1.0479,                 2.0958,                 0.7962,                 1.2997,                0.86672,                  0.875,                0.94399,                0.69471,                0.61988,                0.54167,                0.42645,                0.14285,                0.92401,                  1.814,                0.92375,                 1.6941,              0.0015545,              0.0015545,              0.0015545
                     47,                 1.0406,                 2.1785,                0.79451,                 1.3061,                0.69417,                 0.7568,                 0.8529,                0.63384,                0.40959,                0.45833,                0.37013,                0.12967,                0.93259,                  2.302,                 1.5794,                 1.7382,              0.0015446,              0.0015446,              0.0015446
                     48,                 1.0418,                 2.2495,                0.80066,                 1.2969,                0.95524,                  0.875,                0.96447,                0.74121,                0.67498,                  0.625,                0.58738,                0.19741,                0.85273,                 1.8587,                 1.2012,                 1.6553,              0.0015347,              0.0015347,              0.0015347
                     49,                 1.0143,                 2.1969,                0.79681,                 1.3012,                 0.7855,                0.91553,                0.89824,                0.66434,                0.37077,                  0.375,                0.21761,                0.08928,                0.92618,                 2.0629,                 1.0117,                 1.6973,              0.0015248,              0.0015248,              0.0015248
                     50,                0.98878,                 2.1902,                0.81035,                 1.2719,                0.90889,                      1,                0.96885,                0.72842,                0.52359,                0.58333,                0.32297,                0.09255,                0.92763,                 2.0868,                 0.6847,                 1.7377,              0.0015149,              0.0015149,              0.0015149
                     51,                0.98986,                  2.082,                0.75846,                 1.2678,                0.90267,                0.70833,                0.89729,                0.64659,                0.48298,                  0.375,                 0.2475,                0.08123,                0.97391,                 2.5082,                 1.1135,                 1.7618,               0.001505,               0.001505,               0.001505
                     52,                 1.0012,                 2.1446,                0.75702,                 1.2829,                0.76724,                0.91667,                0.90062,                0.67359,                0.45706,                0.54167,                0.40398,                0.20006,                0.86931,                 2.0539,                 1.1134,                  1.647,              0.0014951,              0.0014951,              0.0014951
                     53,                0.96531,                 2.1275,                0.74651,                 1.2489,                0.88532,                0.91667,                0.94861,                0.72795,                0.47603,                    0.5,                0.38746,                0.16441,                0.79258,                 2.1673,                0.69439,                 1.6095,              0.0014852,              0.0014852,              0.0014852
                     54,                0.95064,                 2.1385,                0.74452,                 1.2485,                0.95729,                0.93439,                0.98595,                0.69132,                 0.6611,                0.58333,                0.43753,                0.17477,                0.98671,                 2.0321,                0.70649,                 1.7992,              0.0014753,              0.0014753,              0.0014753
                     55,                0.92432,                 2.1364,                0.75564,                 1.2487,                0.99396,                0.91667,                0.98135,                0.70113,                 0.5904,                0.54167,                0.40275,                0.15181,                 1.0679,                 1.9092,                0.70875,                 1.8905,              0.0014654,              0.0014654,              0.0014654
                     56,                0.98614,                  2.084,                0.78227,                 1.2787,                0.79339,                0.80027,                0.91407,                0.71148,                0.53343,                    0.5,                0.52019,                0.16505,                 0.7612,                  2.161,                 1.1878,                 1.6244,              0.0014555,              0.0014555,              0.0014555
                     57,                0.96421,                 1.9154,                0.75361,                 1.2602,                 0.9566,                0.91667,                0.97062,                0.69779,                0.52948,                    0.5,                0.39702,                0.14723,                 0.9971,                 2.0047,                0.80437,                 1.7714,              0.0014456,              0.0014456,              0.0014456
                     58,                 0.9998,                 2.0222,                0.77666,                 1.2772,                 0.9188,                0.94332,                0.97427,                 0.6937,                0.69049,                0.58333,                0.49449,                0.17595,                 1.0162,                 1.7994,                0.73103,                 1.8775,              0.0014357,              0.0014357,              0.0014357
                     59,                0.93924,                 2.0222,                0.73218,                 1.2228,                0.94902,                0.95833,                0.98692,                0.72623,                0.58163,                0.58333,                0.46854,                0.18412,                0.99162,                  1.628,                0.78581,                   1.85,              0.0014258,              0.0014258,              0.0014258
                     60,                0.97476,                 2.0132,                0.75793,                 1.2441,                0.93916,                0.91667,                0.93391,                0.68863,                0.46851,                0.45833,                0.28245,                0.12688,                 1.0325,                  1.848,                0.67347,                  1.928,              0.0014159,              0.0014159,              0.0014159
                     61,                0.95863,                 1.9849,                0.76422,                 1.2654,                0.88169,                0.95833,                0.95998,                0.74714,                0.61972,                  0.625,                0.43985,                0.16084,                0.92409,                 1.7876,                0.68767,                  1.708,               0.001406,               0.001406,               0.001406
                     62,                0.95586,                 2.0328,                0.72132,                 1.2371,                0.90768,                0.91667,                0.95704,                0.72262,                0.61846,                  0.625,                0.47583,                0.16708,                0.93048,                 1.8725,                0.69273,                  1.703,              0.0013961,              0.0013961,              0.0013961
                     63,                0.91459,                 1.9728,                0.71442,                  1.223,                0.85897,                0.91667,                0.95949,                0.68425,                0.48395,                0.45833,                0.26709,                0.08838,                 1.0331,                  2.392,                0.79246,                  1.819,              0.0013862,              0.0013862,              0.0013862
                     64,                0.90212,                  2.005,                 0.7253,                 1.2391,                 0.9085,                0.95833,                0.97502,                0.74635,                0.56256,                0.54167,                0.39045,                0.10618,                 0.8969,                 1.9926,                0.97759,                 1.6953,              0.0013763,              0.0013763,              0.0013763
                     65,                 0.8774,                 1.9234,                0.69111,                  1.216,                0.98244,                0.83333,                0.93044,                0.65903,                0.60071,                    0.5,                0.39202,                0.15799,                 1.0361,                 2.0423,                0.78931,                 1.7725,              0.0013664,              0.0013664,              0.0013664
                     66,                0.92316,                 1.9839,                 0.7175,                 1.2165,                0.99058,                0.95833,                0.99192,                0.80805,                0.61569,                0.58333,                 0.4491,                0.15903,                0.83484,                 1.8669,                0.57237,                 1.7402,              0.0013565,              0.0013565,              0.0013565
                     67,                0.92159,                 1.8813,                0.73794,                 1.2136,                0.63814,                0.79167,                0.77611,                0.59172,                0.47204,                0.55915,                0.43712,                0.16579,                0.94845,                  2.018,                 1.4432,                  1.746,              0.0013466,              0.0013466,              0.0013466
                     68,                0.89175,                  2.001,                0.69573,                 1.2017,                 0.9197,                0.95458,                0.95798,                0.74239,                0.51406,                    0.5,                0.34597,                0.14235,                0.79879,                  2.131,                0.67623,                 1.6544,              0.0013367,              0.0013367,              0.0013367
                     69,                0.93433,                 2.0487,                0.73944,                 1.2561,                0.91958,                0.95303,                0.92382,                0.71322,                0.59962,                0.62406,                0.44303,                0.12273,                0.82202,                 2.0262,                0.69663,                 1.7198,              0.0013268,              0.0013268,              0.0013268
                     70,                0.87192,                 1.8813,                0.67149,                 1.1997,                 0.8887,                0.99819,                0.98562,                0.75421,                0.66651,                0.66667,                0.57365,                0.16813,                0.80887,                 1.8335,                0.62365,                 1.6028,              0.0013169,              0.0013169,              0.0013169
                     71,                0.88683,                 1.8902,                0.69114,                 1.2183,                0.86639,                0.95833,                0.94751,                0.73765,                0.56692,                  0.625,                0.44293,                0.15198,                0.84679,                 1.9261,                 0.8406,                  1.616,               0.001307,               0.001307,               0.001307
                     72,                0.90039,                 1.8154,                 0.6821,                 1.2173,                0.77393,                  0.875,                0.83893,                0.69774,                0.62513,                0.66667,                0.53199,                0.15424,                0.71203,                 1.7857,                 1.2365,                  1.545,              0.0012971,              0.0012971,              0.0012971
                     73,                0.87631,                 1.8461,                0.67869,                 1.1984,                0.92114,                0.97378,                0.98711,                0.81271,                 0.8505,                  0.625,                0.60048,                0.26948,                0.78568,                 1.8933,                0.58829,                 1.6193,              0.0012872,              0.0012872,              0.0012872
                     74,                0.90723,                 1.9281,                0.68804,                 1.2078,                 0.9358,                  0.875,                0.93877,                0.69378,                0.58307,                    0.5,                0.38995,                0.14833,                0.95898,                 1.8074,                0.73052,                 1.7567,              0.0012773,              0.0012773,              0.0012773
                     75,                0.89381,                  1.893,                0.68417,                 1.1773,                0.93014,                0.95833,                0.96792,                0.74134,                0.62041,                  0.625,                  0.518,                0.19776,                0.91321,                 1.9149,                0.63558,                 1.7628,              0.0012674,              0.0012674,              0.0012674
                     76,                0.88202,                 1.8852,                0.67972,                 1.1799,                0.95365,                0.95833,                0.96371,                0.73546,                0.55517,                0.54167,                 0.4577,                0.17097,                0.93368,                 1.8391,                 0.7921,                 1.7616,              0.0012575,              0.0012575,              0.0012575
                     77,                0.89178,                 1.8295,                0.69988,                 1.2072,                0.87179,                0.85039,                0.90987,                 0.6822,                0.55497,                    0.5,                0.46038,                0.16176,                0.93427,                 1.8876,                 1.5366,                 1.7131,              0.0012476,              0.0012476,              0.0012476
                     78,                0.88896,                 1.8446,                0.67135,                 1.2132,                0.89258,                  0.875,                0.96457,                0.71646,                0.67087,                  0.625,                0.54179,                0.21954,                0.97483,                  1.802,                 0.8843,                 1.7743,              0.0012377,              0.0012377,              0.0012377
                     79,                0.84642,                  1.807,                0.65936,                 1.1894,                0.87263,                0.91667,                 0.9684,                 0.7039,                0.65132,                    0.5,                0.43299,                0.18914,                 1.0327,                  1.932,                0.69135,                 1.7977,              0.0012278,              0.0012278,              0.0012278
                     80,                0.84572,                 1.8529,                0.64721,                 1.1599,                0.87558,                0.83333,                0.90884,                0.66415,                0.61291,                0.58333,                0.45754,                0.15354,                  1.026,                 1.8518,                0.72635,                 1.7769,              0.0012179,              0.0012179,              0.0012179
                     81,                0.83137,                 1.8007,                0.60596,                 1.1707,                0.94759,                  0.875,                0.94561,                0.69903,                0.72186,                0.66667,                0.50035,                0.17474,                0.92119,                 1.7247,                0.67023,                 1.6463,               0.001208,               0.001208,               0.001208
                     82,                0.89603,                 1.8164,                0.66258,                 1.1931,                0.95975,                0.99376,                 0.9934,                0.75622,                 0.6793,                  0.625,                0.52069,                0.19895,                0.91375,                  1.755,                0.58232,                 1.7258,              0.0011981,              0.0011981,              0.0011981
                     83,                0.85486,                 1.7966,                0.67258,                 1.2006,                0.95077,                0.95833,                0.97109,                0.71061,                0.69094,                    0.5,                0.47546,                0.17994,                 1.0069,                 1.8337,                 0.6644,                 1.7425,              0.0011882,              0.0011882,              0.0011882
                     84,                0.87641,                 1.8518,                0.66381,                  1.184,                      1,                0.86856,                0.93732,                0.65721,                0.83174,                0.66667,                0.63887,                0.22013,                 1.1778,                 1.8276,                0.71686,                 1.9372,              0.0011783,              0.0011783,              0.0011783
                     85,                0.84231,                  1.712,                0.65022,                 1.1652,                0.90863,                0.82893,                0.92344,                0.68881,                0.70568,                  0.625,                0.59406,                0.20871,                 1.0058,                 1.9196,                0.87522,                   1.72,              0.0011684,              0.0011684,              0.0011684
                     86,                0.89653,                 1.9132,                0.70724,                 1.2114,                0.95601,                0.95833,                0.98859,                0.77364,                0.63213,                0.58333,                0.53719,                0.19055,                 0.8525,                 2.0089,                0.59883,                 1.6144,              0.0011585,              0.0011585,              0.0011585
                     87,                0.90707,                 1.8524,                 0.6878,                 1.2177,                0.99932,                      1,                  0.995,                0.77053,                0.61926,                0.58333,                0.51465,                0.19439,                0.84829,                 2.0616,                0.58658,                 1.6541,              0.0011486,              0.0011486,              0.0011486
                     88,                0.82908,                 1.7557,                0.65182,                 1.1639,                0.93248,                  0.875,                0.91425,                0.61417,                0.76149,                0.58333,                0.55229,                0.22754,                 1.1993,                 1.7397,                0.78396,                 1.9164,              0.0011387,              0.0011387,              0.0011387
                     89,                 0.8379,                 1.7238,                0.64308,                  1.144,                0.99296,                0.83333,                0.96806,                 0.6562,                0.78776,                 0.6189,                0.52576,                0.18539,                  1.109,                 1.9263,                0.68276,                 1.8349,              0.0011288,              0.0011288,              0.0011288
                     90,                0.87362,                 1.7186,                0.65755,                 1.1967,                0.89899,                0.91667,                0.94592,                0.71224,                 0.7242,                0.66667,                0.61503,                0.21055,                0.96283,                 1.9666,                0.67793,                 1.7679,              0.0011189,              0.0011189,              0.0011189
                     91,                0.83017,                   1.69,                0.65709,                 1.1655,                0.95166,                      1,                 0.9902,                0.74888,                0.66809,                  0.625,                0.54854,                 0.1608,                0.88176,                 2.3274,                0.61647,                 1.7309,               0.001109,               0.001109,               0.001109
                     92,                0.84833,                 1.7605,                0.65047,                 1.1762,                0.94921,                0.91667,                0.98044,                0.76495,                0.65624,                0.58333,                 0.5142,                0.20461,                0.81626,                 1.9229,                 0.6643,                 1.6668,              0.0010991,              0.0010991,              0.0010991
                     93,                0.83765,                 1.7834,                0.64525,                 1.1806,                0.87945,                0.95833,                0.95872,                0.72491,                0.79092,                  0.625,                0.58001,                0.20958,                0.87145,                 1.9761,                0.81822,                 1.6765,              0.0010892,              0.0010892,              0.0010892
                     94,                0.81948,                 1.7419,                0.64718,                 1.1586,                      1,                0.90324,                 0.9849,                0.80298,                0.65098,                0.58333,                0.49899,                0.21093,                0.83384,                 1.7307,                0.60608,                 1.5908,              0.0010793,              0.0010793,              0.0010793
                     95,                0.82483,                 1.7236,                0.61512,                 1.1614,                0.93249,                0.91667,                0.97138,                0.75727,                0.73614,                0.70833,                0.66924,                0.22167,                 0.8038,                 1.9415,                0.70106,                 1.5651,              0.0010694,              0.0010694,              0.0010694
                     96,                0.81634,                 1.6952,                0.66689,                 1.1613,                      1,                0.92935,                0.98243,                0.77617,                 0.5772,                    0.5,                0.42289,                0.18559,                0.82673,                 2.1694,                0.72232,                 1.5467,              0.0010595,              0.0010595,              0.0010595
                     97,                0.81033,                 1.6898,                0.61331,                  1.146,                0.91602,                0.95833,                0.95716,                 0.7499,                0.62597,                    0.5,                0.42638,                0.21429,                0.86042,                 1.9386,                0.70045,                 1.5982,              0.0010496,              0.0010496,              0.0010496
                     98,                0.78685,                 1.6057,                 0.5986,                 1.1209,                0.93042,                0.83333,                0.91683,                0.70351,                0.67996,                0.54167,                0.48414,                0.18592,                 1.0084,                 1.9639,                0.99545,                 1.7727,              0.0010397,              0.0010397,              0.0010397
                     99,                0.82045,                 1.6327,                0.59505,                  1.154,                0.95952,                0.98789,                  0.975,                0.81541,                0.75101,                  0.625,                0.59901,                0.24022,                 0.7444,                 1.9776,                0.59397,                 1.5407,              0.0010298,              0.0010298,              0.0010298
                    100,                0.79959,                 1.6775,                0.60665,                 1.1603,                 0.9186,                      1,                0.98692,                0.80927,                  0.786,                0.66667,                0.67703,                0.24104,                0.73015,                 1.8534,                0.52937,                 1.5323,              0.0010199,              0.0010199,              0.0010199
                    101,                0.77809,                 1.5768,                0.54862,                 1.1201,                0.88409,                0.95358,                0.97061,                0.76921,                0.79619,                0.58333,                0.59584,                0.20367,                0.80753,                  2.082,                0.62274,                 1.5696,                0.00101,                0.00101,                0.00101
                    102,                 0.7615,                 1.5831,                 0.5529,                 1.1151,                      1,                0.90531,                0.97816,                0.75371,                0.72065,                0.58333,                0.55251,                0.22021,                0.85607,                 1.7768,                0.68822,                 1.6386,              0.0010001,              0.0010001,              0.0010001
                    103,                0.75146,                 1.6093,                0.57306,                 1.1216,                0.95776,                0.94507,                0.98889,                 0.8042,                0.74868,                0.54167,                0.50536,                0.17329,                 0.7844,                 1.8828,                0.55913,                 1.6429,              0.0009902,              0.0009902,              0.0009902
                    104,                0.82273,                 1.6716,                0.64694,                 1.1813,                0.76592,                0.66667,                 0.8169,                0.63811,                0.62423,                0.54167,                0.47349,                0.14958,                0.82342,                  2.537,                 1.2629,                 1.6116,              0.0009803,              0.0009803,              0.0009803
                    105,                0.81965,                 1.7362,                0.61232,                 1.1645,                0.87517,                      1,                0.96103,                0.71571,                0.71522,                0.54167,                0.49138,                 0.1799,                 0.9231,                 2.0302,                0.62272,                 1.6801,              0.0009704,              0.0009704,              0.0009704
                    106,                0.75697,                 1.6042,                 0.5842,                 1.1214,                0.95419,                0.95833,                0.97657,                0.74168,                0.62569,                    0.5,                0.45564,                 0.2095,                0.85805,                 1.9215,                0.66905,                 1.5796,              0.0009605,              0.0009605,              0.0009605
                    107,                0.74679,                 1.5953,                0.58461,                 1.1189,                0.88698,                      1,                0.98711,                0.79572,                0.78159,                  0.625,                0.61158,                0.22591,                0.80281,                 2.0266,                0.58947,                 1.5765,              0.0009506,              0.0009506,              0.0009506
                    108,                0.78001,                 1.6273,                0.54285,                  1.138,                0.94977,                0.95833,                0.98389,                  0.774,                0.79296,                  0.625,                0.59643,                0.23718,                0.79819,                 1.8643,                0.60268,                  1.529,              0.0009407,              0.0009407,              0.0009407
                    109,                0.77483,                 1.5679,                 0.5661,                 1.1242,                0.92716,                  0.875,                0.96125,                0.74575,                0.66038,                0.54167,                0.46462,                0.17838,                 0.8227,                 1.8834,                0.69516,                 1.5932,              0.0009308,              0.0009308,              0.0009308
                    110,                0.75883,                 1.5475,                0.56514,                 1.1268,                0.95631,                0.91218,                0.97173,                0.80269,                 0.6943,                 0.6626,                0.60313,                 0.1952,                0.74823,                 2.0355,                0.58836,                 1.5612,              0.0009209,              0.0009209,              0.0009209
                    111,                0.78091,                 1.5981,                0.57113,                 1.1507,                0.95213,                0.91667,                0.98175,                0.81175,                0.77625,                0.66667,                0.63529,                 0.1973,                0.73452,                 2.0285,                0.56881,                 1.5238,               0.000911,               0.000911,               0.000911
                    112,                0.76163,                 1.5655,                0.57244,                 1.1251,                0.95644,                0.91502,                 0.9706,                0.72996,                0.72571,                  0.625,                0.57153,                0.20361,                0.81462,                 1.8321,                0.64547,                 1.5871,              0.0009011,              0.0009011,              0.0009011
                    113,                0.72568,                 1.4945,                0.54335,                 1.1147,                0.95131,                0.81456,                 0.9467,                0.76119,                0.77678,                0.58016,                0.51139,                0.19407,                0.76423,                 1.8607,                0.69477,                 1.6017,              0.0008912,              0.0008912,              0.0008912
                    114,                0.77298,                 1.5986,                0.57127,                 1.1412,                0.84955,                      1,                0.95861,                0.79218,                0.71157,                  0.625,                0.55521,                0.21655,                0.70281,                 2.0198,                0.57702,                 1.5187,              0.0008813,              0.0008813,              0.0008813
                    115,                0.71416,                 1.5045,                0.54528,                 1.1078,                0.91945,                0.95145,                0.97174,                0.79178,                0.70224,                  0.625,                0.58151,                0.19865,                0.72139,                 1.9907,                 0.5578,                 1.5301,              0.0008714,              0.0008714,              0.0008714
                    116,                0.78647,                 1.5173,                0.54773,                 1.1308,                0.83415,                0.91667,                0.93405,                0.77217,                0.54931,                0.58333,                0.43954,                 0.1762,                 0.7306,                 2.2253,                0.81223,                 1.5126,              0.0008615,              0.0008615,              0.0008615
                    117,                0.76984,                 1.6198,                0.57647,                 1.1281,                0.88028,                0.95833,                0.95615,                0.80027,                0.69532,                0.58333,                0.53968,                0.21917,                0.70866,                 1.9088,                0.59098,                 1.5154,              0.0008516,              0.0008516,              0.0008516
                    118,                 0.7233,                 1.4703,                0.53392,                 1.0973,                0.88826,                0.99386,                0.96506,                0.79984,                 0.6924,                  0.625,                0.58573,                0.23398,                 0.7378,                 2.1976,                0.59407,                 1.5926,              0.0008417,              0.0008417,              0.0008417
                    119,                0.77653,                 1.5307,                0.55725,                 1.1373,                 0.8843,                0.95549,                0.94038,                0.65262,                0.72037,                  0.625,                0.55334,                0.22542,                0.90598,                 1.9062,                0.68009,                 1.6835,              0.0008318,              0.0008318,              0.0008318
                    120,                   0.75,                 1.4472,                 0.5511,                 1.1295,                0.95816,                0.95426,                0.95826,                0.79456,                0.69787,                0.58333,                0.51918,                0.21781,                0.70567,                 1.9909,                0.56147,                 1.5362,              0.0008219,              0.0008219,              0.0008219
                    121,                0.73111,                  1.476,                0.54389,                 1.1139,                0.88402,                0.95294,                0.94833,                0.75988,                0.65102,                0.58333,                 0.5126,                0.20545,                0.75882,                 2.2768,                0.63094,                 1.5721,               0.000812,               0.000812,               0.000812
                    122,                0.75285,                 1.4508,                0.55225,                 1.1092,                0.93331,                      1,                 0.9834,                0.81112,                 0.8858,                  0.625,                0.64156,                 0.2568,                0.73907,                 2.2127,                0.54126,                 1.5819,              0.0008021,              0.0008021,              0.0008021
                    123,                 0.7318,                 1.5321,                0.55554,                 1.1104,                0.93656,                      1,                 0.9886,                0.80398,                0.80689,                  0.625,                0.61234,                0.21899,                0.69195,                  1.962,                0.59814,                 1.4701,              0.0007922,              0.0007922,              0.0007922
                    124,                0.73198,                 1.5193,                 0.5481,                 1.1105,                0.92269,                0.99481,                0.98859,                0.81842,                0.75166,                  0.625,                0.59862,                0.23322,                0.71304,                 2.0293,                0.56702,                 1.4786,              0.0007823,              0.0007823,              0.0007823
                    125,                0.74451,                 1.4499,                0.55681,                 1.1211,                0.94448,                0.83333,                0.96339,                0.79435,                0.73711,                  0.625,                0.58483,                 0.2485,                0.71812,                 2.0886,                0.58517,                 1.4625,              0.0007724,              0.0007724,              0.0007724
                    126,                0.70162,                 1.4112,                0.52646,                  1.091,                0.95973,                0.99323,                 0.9886,                0.79699,                0.69139,                0.58333,                0.50673,                0.14979,                0.75188,                 2.3806,                0.53478,                 1.5825,              0.0007625,              0.0007625,              0.0007625
                    127,                 0.7064,                 1.4506,                0.53364,                 1.1018,                0.95326,                      1,                 0.9786,                0.77626,                0.66332,                0.58333,                0.51345,                0.15702,                0.77826,                 2.1369,                0.52613,                 1.5839,              0.0007526,              0.0007526,              0.0007526
                    128,                0.69701,                 1.4175,                0.53451,                 1.0831,                0.88631,                0.95833,                0.96688,                0.75593,                0.65679,                    0.5,                0.41922,                 0.1813,                0.77979,                 1.9208,                0.60224,                 1.6313,              0.0007427,              0.0007427,              0.0007427
                    129,                 0.6925,                 1.4384,                0.49998,                  1.078,                0.94607,                0.83333,                0.95896,                0.72689,                0.73229,                0.58333,                0.56972,                0.22614,                0.86963,                 2.0239,                0.65965,                 1.7004,              0.0007328,              0.0007328,              0.0007328
                    130,                0.70605,                 1.4513,                0.51233,                 1.0893,                0.93686,                  0.875,                 0.9473,                 0.7343,                 0.7289,                0.54167,                0.51066,                0.20949,                0.83684,                 1.9906,                0.67282,                  1.625,              0.0007229,              0.0007229,              0.0007229
                    131,                0.73505,                 1.5245,                0.52658,                 1.0993,                0.95071,                  0.875,                0.94251,                 0.7554,                0.67535,                  0.625,                0.54368,                0.22193,                0.77306,                 1.8852,                0.81153,                  1.559,               0.000713,               0.000713,               0.000713
                    132,                0.70978,                 1.3787,                0.51003,                 1.0931,                0.91844,                      1,                0.98151,                0.75673,                0.61422,                0.46465,                0.48346,                0.22083,                0.89395,                 2.0165,                0.61659,                 1.7049,              0.0007031,              0.0007031,              0.0007031
                    133,                0.69269,                 1.3991,                0.49744,                 1.0881,                0.95491,                0.95833,                0.94958,                0.73294,                0.62278,                0.58333,                0.51403,                0.22337,                0.83937,                  2.282,                0.67256,                 1.6375,              0.0006932,              0.0006932,              0.0006932
                    134,                0.65513,                  1.415,                0.48379,                 1.0629,                0.91464,                0.95833,                0.96214,                0.78566,                0.71072,                  0.625,                0.61783,                0.27503,                0.75512,                 2.0711,                0.57092,                 1.5691,              0.0006833,              0.0006833,              0.0006833
                    135,                0.68749,                 1.3948,                0.48539,                 1.0851,                0.95611,                0.95833,                0.96512,                0.77768,                0.75445,                0.66667,                0.61036,                0.22548,                0.71317,                 2.0488,                0.56891,                 1.5721,              0.0006734,              0.0006734,              0.0006734
                    136,                0.67156,                 1.3991,                0.50644,                 1.0788,                0.92275,                0.99562,                 0.9745,                0.82195,                0.78493,                0.66667,                0.63595,                 0.2846,                0.70551,                 1.9748,                0.49871,                 1.5605,              0.0006635,              0.0006635,              0.0006635
                    137,                0.65647,                 1.3754,                0.48608,                 1.0546,                0.91489,                      1,                 0.9745,                0.79573,                0.74982,                0.66667,                0.66664,                0.27202,                0.72199,                 1.9325,                0.52055,                 1.5417,              0.0006536,              0.0006536,              0.0006536
                    138,                0.67538,                 1.4136,                0.49339,                 1.0918,                0.92144,                      1,                0.98269,                  0.761,                0.70815,                  0.625,                0.56739,                0.23707,                  0.841,                 2.0013,                0.57054,                   1.68,              0.0006437,              0.0006437,              0.0006437
                    139,                0.65851,                 1.3614,                0.46748,                 1.0466,                0.92257,                 0.9932,                0.97512,                0.77073,                0.73809,                  0.625,                0.58787,                0.24741,                0.83039,                 1.9787,                0.57922,                 1.6246,              0.0006338,              0.0006338,              0.0006338
                    140,                0.69551,                 1.4073,                 0.5078,                 1.0817,                0.94824,                      1,                 0.9886,                0.74049,                0.66073,                0.58333,                 0.5343,                0.22936,                0.94087,                 2.4239,                0.58721,                 1.6944,              0.0006239,              0.0006239,              0.0006239
                    141,                0.64915,                 1.3218,                0.47644,                 1.0556,                0.95994,                0.99847,                  0.987,                0.77244,                0.64863,                  0.625,                0.58567,                0.23178,                0.79372,                 2.3838,                0.58752,                 1.6006,               0.000614,               0.000614,               0.000614
                    142,                0.68655,                 1.2966,                0.49311,                 1.0829,                0.90482,                      1,                0.97077,                0.79185,                0.74929,                0.58333,                0.54277,                0.25324,                0.72709,                 1.9977,                0.62474,                 1.5245,              0.0006041,              0.0006041,              0.0006041
                    143,                0.70121,                 1.4113,                0.49376,                 1.0885,                0.95657,                0.95833,                0.97276,                0.80931,                0.75997,                  0.625,                0.60761,                0.26691,                 0.6778,                 1.8544,                0.57301,                 1.5058,              0.0005942,              0.0005942,              0.0005942
                    144,                0.67846,                 1.4045,                0.48622,                 1.0689,                0.87862,                0.90514,                 0.9651,                0.76666,                0.82866,                0.66667,                0.67644,                0.26536,                0.75484,                 1.8815,                0.60618,                 1.5595,              0.0005843,              0.0005843,              0.0005843
                    145,                0.66622,                 1.3053,                0.48256,                 1.0546,                0.89738,                0.95833,                0.96879,                0.76591,                 0.8688,                0.66667,                0.70732,                0.24084,                  0.811,                 1.8806,                0.66351,                 1.5987,              0.0005744,              0.0005744,              0.0005744
                    146,                0.68136,                 1.3462,                0.51319,                  1.072,                0.91386,                0.95833,                0.97516,                 0.7521,                0.78587,                0.66667,                0.70198,                0.26006,                0.80853,                 1.9664,                0.62221,                 1.5553,              0.0005645,              0.0005645,              0.0005645
                    147,                0.64939,                 1.3275,                0.48538,                 1.0568,                0.95532,                      1,                  0.975,                0.75321,                0.71048,                  0.625,                0.58375,                0.21555,                0.86132,                 2.1025,                0.61572,                  1.588,              0.0005546,              0.0005546,              0.0005546
                    148,                0.66119,                 1.3077,                0.48979,                 1.0555,                0.91506,                0.95833,                0.95328,                0.75591,                0.75092,                0.58333,                0.52935,                0.19669,                0.84636,                 2.1537,                0.56663,                  1.595,              0.0005447,              0.0005447,              0.0005447
                    149,                0.64843,                 1.2666,                0.46756,                 1.0516,                0.94645,                      1,                 0.9934,                 0.7215,                 0.7974,                0.58333,                 0.5894,                 0.2009,                0.87973,                 2.0945,                0.58388,                 1.6829,              0.0005348,              0.0005348,              0.0005348
                    150,                0.67865,                 1.3514,                0.48981,                 1.0618,                0.94938,                      1,                 0.9702,                0.74092,                0.72932,                0.58333,                0.56435,                0.20593,                0.84254,                   2.27,                 0.5911,                 1.6567,              0.0005249,              0.0005249,              0.0005249
                    151,                0.62534,                 1.2403,                0.45317,                 1.0514,                0.95468,                0.95833,                0.96234,                0.74593,                0.78011,                  0.625,                0.64224,                0.22672,                0.80815,                 2.4003,                0.56586,                 1.6299,               0.000515,               0.000515,               0.000515
                    152,                0.65953,                 1.3099,                0.47511,                 1.0582,                0.95058,                0.95833,                0.96639,                0.76419,                 0.6134,                0.54167,                0.49024,                0.20125,                0.82542,                 2.4512,                0.58882,                 1.6877,              0.0005051,              0.0005051,              0.0005051
                    153,                0.63524,                 1.2784,                0.44036,                  1.046,                0.95154,                      1,                  0.987,                 0.7302,                0.58963,                0.54167,                0.51003,                0.19338,                0.81475,                 2.3978,                0.58193,                 1.6776,              0.0004952,              0.0004952,              0.0004952
                    154,                0.65178,                 1.2727,                0.47683,                 1.0498,                0.88304,                0.94409,                0.96709,                0.73807,                0.65739,                0.58333,                 0.5601,                0.22084,                0.75952,                 2.1589,                0.59589,                 1.6066,              0.0004853,              0.0004853,              0.0004853
                    155,                0.63276,                 1.3404,                0.46462,                 1.0481,                0.88525,                      1,                0.96754,                0.74426,                0.64987,                0.54167,                0.53895,                0.23093,                0.74444,                 2.1927,                0.58925,                 1.5679,              0.0004754,              0.0004754,              0.0004754
                    156,                 0.6288,                 1.2986,                0.47147,                 1.0399,                0.95619,                0.90975,                0.96813,                0.73492,                0.67957,                  0.625,                 0.5893,                0.25453,                0.77639,                 2.2303,                0.68534,                 1.5686,              0.0004655,              0.0004655,              0.0004655
                    157,                0.60423,                 1.2155,                0.43607,                 1.0384,                0.95881,                      1,                 0.9902,                0.77909,                0.69267,                  0.625,                0.62177,                0.27417,                 0.7649,                 2.1406,                 0.5687,                 1.5605,              0.0004556,              0.0004556,              0.0004556
                    158,                0.60143,                 1.2763,                0.43623,                 1.0379,                0.88857,                0.99686,                0.97985,                0.78948,                0.71411,                0.58333,                0.57981,                0.26649,                0.77938,                 2.1669,                 0.6277,                 1.5811,              0.0004457,              0.0004457,              0.0004457
                    159,                0.62815,                 1.2506,                0.44598,                   1.04,                0.95978,                0.99448,                 0.9802,                0.76673,                0.73758,                  0.625,                0.65387,                0.28551,                 0.8228,                  2.091,                0.60664,                 1.6251,              0.0004358,              0.0004358,              0.0004358
                    160,                0.58749,                 1.1924,                0.42901,                 1.0346,                0.95353,                      1,                 0.9702,                 0.7695,                0.77515,                  0.625,                0.64687,                 0.2975,                0.78675,                 2.1105,                0.60903,                 1.5974,              0.0004259,              0.0004259,              0.0004259
                    161,                0.60959,                 1.2451,                0.43489,                  1.054,                0.88803,                0.99161,                0.95303,                0.75137,                0.74021,                  0.625,                0.62724,                0.22625,                0.79871,                 2.2646,                0.59973,                 1.6136,               0.000416,               0.000416,               0.000416
                    162,                0.62129,                 1.2365,                0.44308,                 1.0376,                0.91406,                0.91667,                0.95861,                0.73713,                0.66741,                0.54167,                0.51642,                0.20815,                0.88867,                 2.4476,                0.64937,                 1.7417,              0.0004061,              0.0004061,              0.0004061
                    163,                0.61966,                 1.2864,                0.44674,                 1.0456,                 0.8896,                0.91667,                0.92801,                0.74242,                 0.6608,                0.54167,                0.51273,                0.24243,                0.89545,                 2.4171,                0.65203,                 1.6856,              0.0003962,              0.0003962,              0.0003962
                    164,                0.59838,                 1.2585,                0.43812,                 1.0102,                0.86862,                0.82669,                0.89634,                0.71641,                0.64858,                0.54167,                0.51898,                0.25396,                0.92561,                 2.4306,                0.66419,                 1.7209,              0.0003863,              0.0003863,              0.0003863
                    165,                  0.622,                 1.2265,                0.44839,                 1.0501,                0.87482,                0.87363,                0.88838,                0.66752,                0.68843,                0.55281,                0.56342,                0.17947,                0.99349,                  2.466,                0.69801,                 1.7866,              0.0003764,              0.0003764,              0.0003764
                    166,                0.60094,                 1.2002,                0.44764,                 1.0351,                0.95313,                0.95833,                0.96609,                0.73588,                 0.6126,                0.54167,                 0.5054,                0.19395,                 0.8166,                 2.4934,                0.61107,                 1.6251,              0.0003665,              0.0003665,              0.0003665
                    167,                0.59486,                  1.153,                0.42141,                 1.0208,                0.95471,                0.95833,                0.97347,                0.76627,                0.62683,                0.54167,                0.47997,                0.21757,                 0.7822,                 2.3626,                0.56497,                 1.6207,              0.0003566,              0.0003566,              0.0003566
                    168,                0.60378,                 1.2203,                 0.4374,                 1.0404,                0.92222,                0.98846,                0.97624,                0.77727,                0.74985,                  0.625,                0.64429,                0.26809,                0.75322,                 2.3009,                0.56677,                 1.5573,              0.0003467,              0.0003467,              0.0003467
                    169,                0.59004,                  1.174,                0.41286,                 1.0318,                0.95821,                0.95833,                0.98151,                0.76608,                0.75435,                0.66667,                0.69391,                0.26226,                0.78457,                  2.373,                0.56705,                 1.5958,              0.0003368,              0.0003368,              0.0003368
                    170,                0.56841,                 1.1416,                0.41326,                 1.0245,                0.94672,                0.95833,                0.96972,                0.75264,                0.70755,                0.58333,                0.57262,                0.25102,                0.84049,                 2.4219,                0.59213,                 1.6357,              0.0003269,              0.0003269,              0.0003269
                    171,                0.60269,                  1.176,                0.41917,                 1.0291,                0.91651,                0.91489,                0.92767,                0.77164,                 0.6633,                0.54167,                0.52569,                0.25173,                0.78698,                 2.3561,                 0.6223,                  1.605,               0.000317,               0.000317,               0.000317
                    172,                0.58493,                 1.1547,                0.41009,                 1.0292,                0.89543,                      1,                0.96122,                0.74529,                 0.7744,                0.58333,                0.60132,                0.27125,                0.83022,                 2.3056,                0.62213,                 1.6188,              0.0003071,              0.0003071,              0.0003071
                    173,                0.58299,                 1.2452,                0.42876,                  1.025,                0.82651,                      1,                0.94564,                0.73854,                0.70631,                0.58333,                0.62392,                0.28172,                0.79076,                 2.3665,                0.64471,                 1.6041,              0.0002972,              0.0002972,              0.0002972
                    174,                0.58168,                  1.115,                0.41979,                 1.0179,                0.94919,                      1,                  0.987,                0.75257,                0.74711,                0.58333,                 0.6045,                0.25754,                0.79992,                 2.4055,                0.57901,                 1.6468,              0.0002873,              0.0002873,              0.0002873
                    175,                0.58101,                 1.1948,                0.42183,                 1.0183,                0.95977,                 0.9943,                 0.9902,                0.74176,                0.84751,                  0.625,                0.65205,                0.24057,                0.85058,                 2.4244,                 0.5977,                 1.7002,              0.0002774,              0.0002774,              0.0002774
                    176,                0.58056,                 1.1281,                0.41057,                 1.0177,                 0.9595,                0.98741,                 0.9918,                0.74274,                0.85253,                  0.625,                 0.6504,                0.25327,                0.87533,                 2.4914,                0.56262,                 1.7343,              0.0002675,              0.0002675,              0.0002675
                    177,                0.58037,                 1.2003,                0.42498,                 1.0043,                0.88801,                0.99145,                0.97477,                0.73129,                0.85257,                  0.625,                0.64535,                0.26756,                0.86198,                  2.557,                0.62645,                 1.7351,              0.0002576,              0.0002576,              0.0002576
                    178,                 0.5611,                 1.1478,                0.39839,                 1.0139,                0.91495,                0.95833,                0.96709,                0.74516,                0.78078,                  0.625,                0.63256,                 0.2611,                0.84211,                 2.5147,                0.65161,                 1.7197,              0.0002477,              0.0002477,              0.0002477
                    179,                0.57824,                 1.1905,                0.41595,                 1.0327,                0.95483,                0.95833,                0.98054,                0.77511,                0.80204,                  0.625,                 0.6523,                0.28434,                0.76383,                 2.4647,                0.62033,                 1.6385,              0.0002378,              0.0002378,              0.0002378
                    180,                0.56208,                 1.1599,                0.40936,                 1.0196,                0.95501,                0.95833,                0.98692,                0.77738,                0.76518,                  0.625,                0.63022,                0.28723,                0.79039,                 2.3077,                0.55634,                  1.694,              0.0002279,              0.0002279,              0.0002279
                    181,                0.52978,                 1.1069,                0.38837,                 0.9972,                0.95982,                0.99549,                 0.9886,                0.76007,                0.77813,                  0.625,                0.63797,                0.30282,                0.82778,                 2.2098,                0.56797,                 1.7184,               0.000218,               0.000218,               0.000218
                    182,                0.54188,                  1.104,                 0.3998,                  1.001,                0.95072,                0.95833,                0.98526,                 0.7656,                0.81369,                  0.625,                0.66184,                0.31212,                0.82426,                 2.2659,                0.62957,                 1.6882,              0.0002081,              0.0002081,              0.0002081
                    183,                0.57202,                  1.118,                0.39021,                 1.0027,                0.94969,                0.95833,                0.98526,                0.76949,                0.77323,                  0.625,                0.68302,                0.32011,                0.84814,                 2.3413,                0.66903,                  1.696,              0.0001982,              0.0001982,              0.0001982
                    184,                0.55401,                 1.0807,                0.39446,                 1.0212,                0.95926,                0.98139,                  0.987,                0.75677,                0.78425,                  0.625,                0.67801,                0.27634,                0.86595,                 2.3362,                0.64002,                 1.6965,              0.0001883,              0.0001883,              0.0001883
                    185,                0.51137,                 1.0409,                0.37555,                 0.9957,                0.92258,                0.99326,                0.98692,                0.75939,                0.81395,                  0.625,                0.68873,                0.27793,                0.84257,                 2.3421,                0.59553,                 1.6588,              0.0001784,              0.0001784,              0.0001784
                    186,                 0.5475,                  1.063,                0.38032,                 1.0165,                 0.9191,                      1,                0.98213,                 0.7657,                0.73636,                0.58333,                0.60173,                0.25893,                0.83501,                 2.4105,                0.57875,                 1.6672,              0.0001685,              0.0001685,              0.0001685
                    187,                0.54212,                 1.0559,                0.37688,                 1.0049,                0.92308,                0.99998,                0.98079,                0.75824,                0.73604,                0.58333,                0.59786,                 0.2524,                0.86121,                  2.421,                 0.6305,                  1.669,              0.0001586,              0.0001586,              0.0001586
                    188,                 0.5313,                 1.1103,                0.37832,                 1.0089,                0.91013,                0.95833,                0.97286,                0.74526,                0.78859,                  0.625,                0.66261,                0.26411,                0.85005,                 2.3509,                  0.693,                 1.6761,              0.0001487,              0.0001487,              0.0001487
                    189,                 0.5393,                 1.1203,                0.40143,                 1.0022,                0.91717,                0.95833,                0.96926,                0.72874,                0.83192,                  0.625,                0.66089,                0.24988,                0.84456,                  2.309,                0.70257,                 1.6754,              0.0001388,              0.0001388,              0.0001388
                    190,                0.54146,                 1.1029,                0.39475,                0.99981,                0.91969,                0.95441,                0.97804,                0.72513,                0.83855,                  0.625,                 0.6467,                 0.2504,                0.84106,                  2.308,                0.66898,                 1.6734,              0.0001289,              0.0001289,              0.0001289
                    191,                0.39892,                0.78108,                0.35636,                 1.0215,                0.92147,                      1,                 0.9746,                0.73421,                 0.7959,                  0.625,                0.63786,                 0.2417,                0.82226,                 2.4242,                0.63787,                 1.6623,               0.000119,               0.000119,               0.000119
                    192,                0.36292,                0.75385,                0.30806,                 1.0162,                0.92106,                      1,                0.98317,                0.75352,                0.79797,                  0.625,                0.62797,                0.23287,                0.80787,                 2.4811,                0.53708,                 1.7034,              0.0001091,              0.0001091,              0.0001091
                    193,                0.35011,                0.75896,                0.28679,                 1.0018,                0.92302,                0.99916,                0.98317,                0.75206,                0.76508,                0.58333,                0.57791,                0.21275,                0.79621,                 2.4957,                0.54092,                 1.7107,               9.92e-05,               9.92e-05,               9.92e-05
                    194,                 0.3486,                0.72257,                0.28846,                 1.0013,                0.95978,                0.99442,                 0.9886,                0.76759,                 0.8139,                  0.625,                0.64166,                0.23215,                0.80031,                 2.5315,                0.56384,                 1.7018,               8.93e-05,               8.93e-05,               8.93e-05
                    195,                 0.3322,                0.68149,                0.26557,                0.98318,                0.95451,                0.95833,                0.98692,                0.77193,                0.78714,                  0.625,                0.64959,                0.24543,                0.76777,                 2.5023,                0.55177,                 1.6764,               7.94e-05,               7.94e-05,               7.94e-05
                    196,                0.32674,                0.66305,                0.26756,                0.98098,                 0.9227,                0.99487,                0.98859,                0.78821,                0.78342,                  0.625,                0.64048,                0.24451,                0.73067,                 2.5336,                 0.5323,                 1.6205,               6.95e-05,               6.95e-05,               6.95e-05
                    197,                 0.3384,                0.66818,                0.26349,                0.99749,                0.92249,                0.99209,                0.98859,                0.79444,                0.75469,                  0.625,                0.63342,                0.24322,                0.72052,                 2.5786,                0.53448,                 1.6082,               5.96e-05,               5.96e-05,               5.96e-05
                    198,                0.31427,                0.65883,                0.25583,                0.97542,                0.95975,                0.99371,                 0.9918,                0.80425,                0.74715,                  0.625,                0.63868,                0.25129,                0.76408,                 2.6006,                  0.521,                 1.6403,               4.97e-05,               4.97e-05,               4.97e-05
                    199,                0.31494,                0.71615,                0.25491,                0.97892,                0.92274,                0.99544,                0.98885,                0.79354,                0.74433,                  0.625,                0.65068,                 0.2564,                0.78757,                 2.5952,                0.52139,                 1.6619,               3.98e-05,               3.98e-05,               3.98e-05
                    200,                0.29828,                0.65887,                0.25232,                0.95535,                0.92272,                0.99511,                0.98885,                0.79944,                0.74086,                  0.625,                0.66124,                 0.2596,                0.78883,                 2.5957,                0.52132,                 1.6674,               2.99e-05,               2.99e-05,               2.99e-05
